<?xml version="1.0" encoding="utf-8"?>
<extension type="jce" version="2.9">
    <name>dynamic</name>
    <version>1.0.4</version>
    <creationDate>December 2025</creationDate>
    <author>Ponto Mega</author>
    <authorEmail>dev@pontomega.com.br</authorEmail>
    <authorUrl>www.pontomega.com.br</authorUrl>
    <copyright>Copyright (C) 2025 Ponto Mega. All rights reserved.</copyright>
    <license>GNU General Public License version 2 or later</license>
    <description>JCE Dynamic Links Extension</description>
</extension>
