<?xml version="1.0" encoding="utf-8"?>
<extension type="plugin" group="search" method="upgrade">
    <name>PLG_SEARCH_DYNAMIC</name>
    <author>Ponto Mega</author>
    <creationDate>December 2025</creationDate>
    <copyright>Copyright (C) 2025 Ponto Mega. All rights reserved.</copyright>
    <license>GNU General Public License version 2 or later</license>
    <authorEmail>dev@pontomega.com.br</authorEmail>
    <authorUrl>www.pontomega.com.br</authorUrl>
    <version>1.0.0</version>
    <description>PLG_SEARCH_DYNAMIC_XML_DESCRIPTION</description>
    
    <files>
        <filename plugin="dynamic">dynamic.php</filename>
        <folder>language</folder>
    </files>
    
    <languages>
        <language tag="pt-BR">language/pt-BR/plg_search_dynamic.ini</language>
        <language tag="pt-BR">language/pt-BR/plg_search_dynamic.sys.ini</language>
        <language tag="en-GB">language/en-GB/plg_search_dynamic.ini</language>
        <language tag="en-GB">language/en-GB/plg_search_dynamic.sys.ini</language>
    </languages>
    
    <config>
        <fields name="params">
            <fieldset name="basic">
                <field
                    name="search_limit"
                    type="number"
                    label="PLG_SEARCH_DYNAMIC_SEARCH_LIMIT_LABEL"
                    description="PLG_SEARCH_DYNAMIC_SEARCH_LIMIT_DESC"
                    default="50"
                    min="1"
                    max="200"
                    step="10"
                />
            </fieldset>
        </fields>
    </config>
</extension>
